Date,Instagram content interactions
2026-06-17,0
2026-06-18,419
2026-06-19,7273
2026-06-20,10504
2026-06-21,11992
2026-06-22,12832
2026-06-23,10912
2026-06-24,7085
2026-06-25,5965
2026-06-26,6338
2026-06-27,6247
2026-06-28,6386
2026-06-29,3751
2026-06-30,4262
2026-07-01,3498
2026-07-02,3329
2026-07-03,1975
2026-07-04,2247
2026-07-05,1799
2026-07-06,1676
2026-07-07,2597
2026-07-08,3069
2026-07-09,2336
2026-07-10,3347
2026-07-11,4124
2026-07-12,3802
2026-07-13,4242
2026-07-14,2454
2026-07-15,1828
2026-07-16,1624
2026-07-17,2334
2026-07-18,1622
2026-07-19,5110
2026-07-20,15935
2026-07-21,25013
2026-07-22,16823
2026-07-23,17044
2026-07-24,17593
2026-07-25,10446
2026-07-26,10077
2026-07-27,8700
2026-07-28,8364
2026-07-29,7117
2026-07-30,6686
2026-07-31,6374
2026-08-01,5354
2026-08-02,4043
2026-08-03,3588
2026-08-04,3667
2026-08-05,2709
2026-08-06,2796
2026-08-07,3097
2026-08-08,3272
2026-08-09,3139
2026-08-10,3640
2026-08-11,2620
2026-08-12,2470
2026-08-13,2344
2026-08-14,2548
2026-08-15,2999
2026-08-16,5040
2026-08-17,6749
2026-08-18,4233
2026-08-19,21264
2026-08-20,7154
2026-08-21,3594
2026-08-22,4737
2026-08-23,15059
2026-08-24,16324
2026-08-25,12953
2026-08-26,18176
2026-08-27,35494
2026-08-28,10583
2026-08-29,10849
2026-08-30,10049
2026-08-31,7208
2026-09-01,6377
2026-09-02,5757
2026-09-03,5308
2026-09-04,4272
2026-09-05,3581
2026-09-06,4451
2026-09-07,4242
2026-09-08,3478
2026-09-09,3090
2026-09-10,3188
2026-09-11,3614
2026-09-12,3387
2026-09-13,3445
2026-09-14,3238
