Date,Instagram reach
2026-06-17,0
2026-06-18,4097
2026-06-19,48024
2026-06-20,40375
2026-06-21,35130
2026-06-22,38000
2026-06-23,30916
2026-06-24,20594
2026-06-25,18435
2026-06-26,17202
2026-06-27,17753
2026-06-28,19954
2026-06-29,11494
2026-06-30,12857
2026-07-01,10670
2026-07-02,9839
2026-07-03,6089
2026-07-04,6481
2026-07-05,5681
2026-07-06,5197
2026-07-07,7213
2026-07-08,8381
2026-07-09,6524
2026-07-10,8288
2026-07-11,12762
2026-07-12,11313
2026-07-13,13398
2026-07-14,8602
2026-07-15,5859
2026-07-16,5419
2026-07-17,7581
2026-07-18,4795
2026-07-19,14141
2026-07-20,42264
2026-07-21,47265
2026-07-22,36390
2026-07-23,44974
2026-07-24,44071
2026-07-25,29688
2026-07-26,38400
2026-07-27,28034
2026-07-28,26112
2026-07-29,22425
2026-07-30,21833
2026-07-31,20626
2026-08-01,18650
2026-08-02,14942
2026-08-03,12032
2026-08-04,12040
2026-08-05,9259
2026-08-06,9355
2026-08-07,8817
2026-08-08,9080
2026-08-09,11052
2026-08-10,10579
2026-08-11,9299
2026-08-12,8150
2026-08-13,6917
2026-08-14,7266
2026-08-15,10083
2026-08-16,17042
2026-08-17,25406
2026-08-18,14697
2026-08-19,72631
2026-08-20,23742
2026-08-21,11303
2026-08-22,17481
2026-08-23,62853
2026-08-24,53811
2026-08-25,41228
2026-08-26,60709
2026-08-27,123596
2026-08-28,41660
2026-08-29,40866
2026-08-30,34630
2026-08-31,28072
2026-09-01,21823
2026-09-02,19289
2026-09-03,16449
2026-09-04,14418
2026-09-05,11674
2026-09-06,14716
2026-09-07,14145
2026-09-08,11966
2026-09-09,11977
2026-09-10,10697
2026-09-11,13655
2026-09-12,11731
2026-09-13,11558
2026-09-14,10652
